channel_GES,east,north,depth,latitude,longitude,elevation,utm_easting,utm_northing,utm_depth
63,42.9471,68.9101,5065.0805,38.50421308528828,-112.89624461504103,106.18836359999978,334654.2767183597,4263464.696804739,-106.18836359999978
64,42.9993,68.7976,5075.1315,38.50421277938611,-112.896244424564,103.12481879999973,334654.2926289189,4263464.662514739,-103.12481879999973
65,43.0516,68.685,5085.1825,38.50421247321506,-112.8962442337304,100.06127399999991,334654.3085699592,4263464.6281942595,-100.06127399999991
66,43.1187,68.5809,5095.2335,38.5042121912173,-112.89624399180093,96.99772919999964,334654.3290220387,4263464.596464579,-96.99772919999964
67,43.1991,68.4844,5105.2845,38.50421193083711,-112.89624370395146,93.93418439999982,334654.3535279591,4263464.567051379,-93.93418439999982
68,43.281,68.3871,5115.3354,38.504211668345484,-112.8962434108037,90.87067007999985,334654.37849107943,4263464.537394338,-90.87067007999985
69,43.3976,68.2705,5125.3823,38.50421135483148,-112.89624299503184,87.80837495999981,334654.41403075884,4263464.501854658,-87.80837495999981
70,43.5142,68.1539,5135.4293,38.504211041317504,-112.89624257925996,84.74604935999992,334654.4495704397,4263464.466314981,-84.74604935999992
71,43.6708,68.0151,5145.4785,38.50421066911942,-112.89624202213808,81.68305319999968,334654.49730211956,4263464.424008739,-81.68305319999968
72,43.8598,67.8583,5155.5295,38.50421024933783,-112.89624135052142,78.61950839999986,334654.5549093189,4263464.3762161005,-78.61950839999986
73,44.0509,67.6999,5165.5803,38.50420982528242,-112.89624067145259,75.55602455999997,334654.6131565991,4263464.327935779,-75.55602455999997
74,44.272,67.519,5175.6272,38.50420934115347,-112.89623988594998,72.49372943999992,334654.6805478792,4263464.272797459,-72.49372943999992
75,44.4931,67.3381,5185.6742,38.504208857024494,-112.89623910044739,69.4314038399998,334654.74793915905,4263464.217659138,-69.4314038399998
76,44.7096,67.1502,5195.7212,38.504208353417496,-112.8962383305121,66.36907823999991,334654.81392835896,4263464.160387218,-66.36907823999991
77,44.9227,66.9572,5205.7682,38.50420783561662,-112.89623757208842,63.306752639999786,334654.878881239,4263464.101560818,-63.306752639999786
78,45.1365,66.7591,5215.8148,38.50420730385388,-112.89623681085183,60.24454895999975,334654.9440474792,4263464.041179939,-60.24454895999975
79,45.3576,66.5098,5225.8577,38.50420663194039,-112.89623602042354,57.18347303999985,334655.0114387596,4263463.965193298,-57.18347303999985
80,45.5787,66.2606,5235.9007,38.50420596030145,-112.89623523000247,54.122366639999655,334655.07883003925,4263463.889237139,-54.122366639999655
81,45.7974,65.9797,5245.9461,38.504205201497896,-112.89623444568365,51.060528719999866,334655.1454897996,4263463.803618819,-51.060528719999866
82,46.0145,65.6782,5255.9931,38.50420438604883,-112.89623366547143,47.99820311999997,334655.2116618796,4263463.7117216205,-47.99820311999997
83,46.2241,65.3795,5266.0396,38.50420357786243,-112.89623291166423,44.93602991999978,334655.27554795914,4263463.6206778595,-44.93602991999978
84,46.3769,65.1021,5276.0825,38.5042028249386,-112.89623235783776,41.87495399999966,334655.32212139823,4263463.536126341,-41.87495399999966
85,46.5297,64.8247,5286.1255,38.504202072014735,-112.8962318040113,38.81384759999969,334655.36869483953,4263463.451574818,-38.81384759999969
86,46.6268,64.5675,5296.1735,38.504201371395794,-112.89623144624318,35.75121719999993,334655.39829091955,4263463.373180259,-35.75121719999993
87,46.6911,64.3223,5306.2245,38.50420070186542,-112.89623120393529,32.687672399999656,334655.4178895588,4263463.298443299,-32.687672399999656
88,46.7434,64.0844,5316.2749,38.5042000516973,-112.89623100407847,29.62431047999962,334655.43383059977,4263463.225931378,-29.62431047999962
89,46.7233,63.8915,5326.3219,38.50419952097468,-112.89623106041209,26.561984879999727,334655.4277041189,4263463.167135459,-26.561984879999727
90,46.7032,63.6985,5336.3689,38.50419898997753,-112.8962311167385,23.499659279999605,334655.42157764,4263463.108309059,-23.499659279999605
91,46.6278,63.5397,5346.4185,38.50419854974332,-112.89623136873392,20.436541199999965,334655.3985957195,4263463.05990682,-20.436541199999965
92,46.5233,63.399,5356.4695,38.504198157553915,-112.89623172370185,17.372996399999693,334655.366744119,4263463.0170214595,-17.372996399999693
93,46.4087,63.2583,5366.5198,38.50419776479297,-112.89623211395694,14.309664959999736,334655.33181403915,4263462.974136099,-14.309664959999736
94,46.2438,63.1176,5376.5668,38.50419736918567,-112.89623267994926,11.247339359999842,334655.28155251936,4263462.93125074,-11.247339359999842
95,46.079,62.9769,5386.6138,38.50419697358402,-112.89623324559221,8.18501375999972,334655.2313214791,4263462.888365379,-8.18501375999972
96,45.9087,62.8307,5396.6608,38.504196562571494,-112.89623383005488,5.122688159999825,334655.17941403936,4263462.843803618,-5.122688159999825
97,45.7358,62.6819,5406.7078,38.504196144273855,-112.89623442341413,2.060362559999703,334655.1267141192,4263462.798449378,-2.060362559999703
98,45.5723,62.544,5416.7555,38.50419575643285,-112.89623498471678,-1.0021764000002804,334655.07687931904,4263462.756417459,1.0021764000002804
99,45.4476,62.4516,5426.8065,38.50419549570256,-112.89623541373732,-4.065721200000098,334655.03887075896,4263462.728253938,4.065721200000098
100,45.323,62.3591,5436.8575,38.5041952347034,-112.89623584240125,-7.129266000000143,334655.00089267956,4263462.700059938,7.129266000000143
101,45.2608,62.2893,5446.9085,38.50419503955562,-112.89623605468793,-10.192810799999961,334654.9819341188,4263462.678784899,10.192810799999961
102,45.2246,62.229,5456.9595,38.50419487196028,-112.89623617682041,-13.256355600000234,334654.970900359,4263462.66040546,13.256355600000234
103,45.2191,62.1538,5467.0105,38.504194665195925,-112.89623619062077,-16.31990040000028,334654.9692239597,4263462.637484499,16.31990040000028
104,45.3236,62.0251,5477.0615,38.50419431777801,-112.89623581625243,-19.383445200000097,334655.0010755595,4263462.59825674,19.383445200000097
105,45.4282,61.8965,5487.1125,38.50419397064028,-112.8962354415419,-22.44699000000014,334655.0329576398,4263462.55905946,22.44699000000014
106,45.6767,61.6826,5497.1576,38.50419339746399,-112.89623455793344,-25.508736480000152,334655.10870043933,4263462.49386274,25.508736480000152
107,45.9782,61.4374,5507.2006,38.50419274135623,-112.89623348690054,-28.569842880000124,334655.2005976391,4263462.4191257795,28.569842880000124
108,46.3453,61.1608,5517.2396,38.504192002755445,-112.89623218441436,-31.629730080000172,334655.31248971965,4263462.3348181,31.629730080000172
109,46.9162,60.7869,5527.2665,38.50419100856101,-112.89623016288863,-34.685929200000146,334655.48650003865,4263462.220853379,34.685929200000146
110,47.4871,60.413,5537.2934,38.504190014366536,-112.89622814136293,-37.74212832000012,334655.66051035916,4263462.106888658,37.74212832000012
111,48.2648,59.9175,5547.299,38.50418869803522,-112.89622538856646,-40.79183520000015,334655.89755331964,4263461.955860259,40.79183520000015
112,49.1091,59.3828,5557.2977,38.50418727785338,-112.89622240026135,-43.83943896000028,334656.1548959594,4263461.792883699,43.83943896000028
113,50.0063,58.8027,5567.29,38.50418573602433,-112.89621922386593,-46.88509200000021,334656.42836251913,4263461.616069218,46.88509200000021
114,51.0476,58.0991,5577.2646,38.50418386329409,-112.89621553512318,-49.92535008000027,334656.7457507589,4263461.401611939,49.92535008000027
115,52.0889,57.3955,5587.2392,38.5041819905637,-112.89621184638061,-52.9656081600001,334657.06313899835,4263461.187154658,52.9656081600001
116,53.259,56.5411,5597.1855,38.504179711117196,-112.89620769677973,-55.99724040000001,334657.41978547955,4263460.9267335385,55.99724040000001
117,54.4651,55.6446,5607.124,38.504177318126835,-112.89620341837129,-59.02649520000023,334657.78740475763,4263460.653480339,59.02649520000023
118,55.7233,54.6806,5617.0482,38.50417474277083,-112.8961989530763,-62.05139136000025,334658.17090411944,4263460.359653139,62.05139136000025
119,57.1063,53.5549,5626.9384,38.50417173054752,-112.89619404011344,-65.06592432000025,334658.5924425196,4263460.0165397795,65.06592432000025
120,58.4893,52.4291,5636.8286,38.50416871804944,-112.89618912714381,-68.08045728000025,334659.01398091967,4263459.67339594,68.08045728000025
121,60.0086,51.112,5646.6733,38.50416518807125,-112.89618372419649,-71.08112184000038,334659.477063559,4263459.27194386,71.08112184000038
122,61.5605,49.7491,5656.5072,38.50416153419872,-112.89617820405434,-74.07849456000031,334659.95008267905,4263458.856531939,74.07849456000031
123,63.1406,48.3386,5666.3308,38.504157751241216,-112.8961725819604,-77.0727278400002,334660.4316971592,4263458.426611539,77.0727278400002
124,64.781,46.827,5676.1326,38.504153694136875,-112.89616674191183,-80.06031648000021,334660.9316910794,4263457.965875858,80.06031648000021
125,66.4213,45.3153,5685.9343,38.504149636752025,-112.89616090220608,-83.04787464000015,334661.43165451894,4263457.505109699,83.04787464000015
126,68.0884,43.7969,5695.7294,38.504145562489235,-112.89615496838522,-86.03342112000018,334661.93978659925,4263457.042301378,86.03342112000018
127,69.7609,42.2772,5705.523,38.5041414849627,-112.896149015605,-89.0185104000002,334662.4495645992,4263456.57909682,89.0185104000002
128,71.4445,40.7589,5715.3154,38.50413741190748,-112.89614302414533,-92.00323392000041,334662.9627258789,4263456.11631898,92.00323392000041
129,73.1491,39.2432,5725.105,38.50413334717821,-112.89613695950419,-94.98710400000004,334663.48228795966,4263455.65433362,94.98710400000004
130,74.8538,37.7275,5734.8947,38.50412928245427,-112.89613089451436,-97.97100456000021,334664.00188051956,4263455.1923482595,97.97100456000021
131,76.6067,36.1911,5744.6706,38.50412516362784,-112.89612465963448,-100.95069888000035,334664.5361644382,4263454.724053539,100.95069888000035
132,78.3676,34.6513,5754.4442,38.504121035919404,-112.89611839656024,-103.92969216000006,334665.07288675965,4263454.254722498,103.92969216000006
133,80.1524,33.1026,5764.2118,38.50411688512903,-112.89611204934454,-106.90685664000011,334665.6168937995,4263453.782678739,106.90685664000011
134,81.9776,31.5386,5773.9693,38.504112694619835,-112.89610555987922,-109.88094264000006,334666.1732147589,4263453.30597154,109.88094264000006
135,83.8029,29.9747,5783.7268,38.50410850439048,-112.89609907007245,-112.85502864000023,334666.72956619924,4263452.829294819,112.85502864000023
136,85.7347,28.3611,5793.4595,38.504104183741084,-112.89609220460032,-115.82155560000024,334667.31837883795,4263452.337469539,115.82155560000024
137,87.6806,26.7408,5803.1889,38.50409984549501,-112.89608528938429,-118.78707672000019,334667.9114891591,4263451.8436021,118.78707672000019
138,89.698,25.0888,5812.8959,38.50409542426538,-112.89607812208136,-121.74577032000025,334668.52639267896,4263451.340072499,121.74577032000025
139,91.8248,23.3882,5822.569,38.504090875799605,-112.89607056906056,-124.69413120000036,334669.17464132013,4263450.821729618,124.69413120000036
140,93.9516,21.6875,5832.2421,38.50408632705878,-112.8960630160335,-127.64249208000024,334669.8228899593,4263450.303356259,127.64249208000024
141,96.272,19.9102,5841.8604,38.50408157897507,-112.89605478109652,-130.57414992000008,334670.53014787886,4263449.76163522,130.57414992000008
142,98.6119,18.1251,5851.4732,38.50407681058007,-112.89604647747032,-133.5041313600002,334671.24334939953,4263449.21753674,133.5041313600002
143,101.0567,16.3028,5861.0504,38.50407194599144,-112.89603780466949,-136.4232619200002,334671.98852443893,4263448.662099699,136.4232619200002
144,103.6458,14.4293,5870.5788,38.504066949003004,-112.89602862403123,-139.32751824000024,334672.77768211905,4263448.091056899,139.32751824000024
145,106.235,12.5558,5880.1071,38.50406195201947,-112.89601944304486,-142.23174408000023,334673.56687027885,4263447.5200141,142.23174408000023
146,109.117,10.596,5889.5341,38.504056734675096,-112.89600923286827,-145.1050936800002,334674.44530387886,4263446.922667059,145.1050936800002
147,112.0197,8.63,5898.9539,38.5040515014796,-112.89599894992553,-147.97624872000029,334675.3300468394,4263446.32343026,147.97624872000029
148,115.0301,6.6479,5908.3342,38.504046230176094,-112.89598828954543,-150.83536416000038,334676.2476167596,4263445.719286178,150.83536416000038
149,118.1741,4.6457,5917.6655,38.50404091124837,-112.89597716095129,-153.67954440000017,334677.2059079591,4263445.109015618,153.67954440000017
150,121.318,2.6435,5926.9969,38.504035592313876,-112.89596603270813,-156.52375512000026,334678.1641686793,4263444.49874506,156.52375512000026
151,124.6047,0.6645,5936.2897,38.50403034515078,-112.89595440722606,-159.3562005600004,334679.16595483955,4263443.895545859,159.3562005600004
152,127.8974,-1.3135,5945.5808,38.50402510107134,-112.895942760855,-162.1881278400001,334680.1695697992,4263443.2926514605,162.1881278400001
153,131.2622,-3.2593,5954.8492,38.5040199494715,-112.89593086490295,-165.01313616000016,334681.1951608389,4263442.699571619,165.01313616000016
154,134.7077,-5.169,5964.0921,38.50401490154474,-112.89591868960427,-167.8303720800002,334682.2453492392,4263442.117495058,167.8303720800002
155,138.1532,-7.0787,5973.335,38.50400985361668,-112.89590651430726,-170.64760800000022,334683.2955376381,4263441.535418498,170.64760800000022
156,141.7847,-8.8934,5982.5304,38.50400507702255,-112.89589369601009,-173.4503659200002,334684.4024188393,4263440.98229794,173.4503659200002
157,145.4191,-10.7066,5991.725,38.504000304709116,-112.89588086769062,-176.25288000000023,334685.5101839595,4263440.429634579,176.25288000000023
158,149.1315,-12.4858,6000.8957,38.50399563015039,-112.89586776930652,-179.04810936000013,334686.6417234788,4263439.8873344185,179.04810936000013
159,152.9228,-14.2306,6010.0421,38.503991054495366,-112.89585439774213,-181.83593208000002,334687.79731171875,4263439.355519379,181.83593208000002
160,156.7151,-15.9753,6019.188,38.50398647916989,-112.89584102269282,-184.6236024000002,334688.95320475893,4263438.823734819,184.6236024000002
161,160.6149,-17.7,6028.2862,38.50398196483243,-112.89582727350457,-187.39673375999996,334690.1418638003,4263438.298046258,187.39673375999996
162,164.5147,-19.4248,6037.3844,38.50397745021878,-112.8958135243108,-190.16986512000017,334691.3305228391,4263437.772327219,190.16986512000017
163,168.4712,-21.1453,6046.4615,38.5039729506164,-112.8957995773314,-192.93656520000036,334692.5364640389,4263437.247918819,192.93656520000036
164,172.4795,-22.8621,6055.5195,38.50396846410079,-112.89578544964269,-195.69744360000027,334693.7581938795,4263436.724638179,195.69744360000027
165,176.4908,-24.5789,6064.576,38.50396397775315,-112.89577131147436,-198.45786480000015,334694.9808381193,4263436.201357541,198.45786480000015
166,180.5836,-26.2996,6073.5938,38.50395948530745,-112.89575688828458,-201.20649024,334696.2283235593,4263435.676888179,201.20649024
167,184.6764,-28.0204,6082.6115,38.503954992585385,-112.89574246508934,-203.9550852000002,334697.4758089995,4263435.152388339,203.9550852000002
168,188.8066,-29.7477,6091.6095,38.50395048413229,-112.89572791076084,-206.69767560000014,334698.7346939588,4263434.6259073,206.69767560000014
169,192.9677,-31.4805,6100.591,38.50394596232575,-112.8957132480806,-209.4352368000002,334700.0029972391,4263434.097749859,209.4352368000002
170,197.134,-33.2155,6109.5699,38.50394143477166,-112.89569856707614,-212.1720055200003,334701.2728854794,4263433.56892186,212.1720055200003
171,201.3795,-34.9845,6118.5073,38.50393681835288,-112.89568360691912,-214.89612504000024,334702.5669138791,4263433.029730659,214.89612504000024
172,205.625,-36.7534,6127.4446,38.50393220220668,-112.89566864677113,-217.6202140800001,334703.8609422798,4263432.490569939,217.6202140800001
173,209.9397,-38.5432,6136.3451,38.50392753259456,-112.8956534433515,-220.33308648000002,334705.17606283905,4263431.9450389,220.33308648000002
174,214.3059,-40.3483,6145.2181,38.50392282388928,-112.89563805890317,-223.0375768800002,334706.5068805992,4263431.394844418,223.0375768800002
175,218.6824,-42.1563,6154.0849,38.50391810780299,-112.89562263826218,-225.7401775200001,334707.8408377995,4263430.84376602,225.7401775200001
176,223.1692,-43.9936,6162.8856,38.50391331751425,-112.89560683015108,-228.42263088000004,334709.20841443876,4263430.28375698,228.42263088000004
177,227.656,-45.8309,6171.6862,38.50390852722329,-112.895591022042,-231.10505376000015,334710.5759910789,4263429.72374794,231.10505376000015
178,232.227,-47.7164,6180.4363,38.50390360936543,-112.89557491628976,-233.77208424000037,334711.9692318809,4263429.14904754,233.77208424000037
179,236.8545,-49.6341,6189.1526,38.50389860629984,-112.89555861082374,-236.42881248000026,334713.3796938795,4263428.56453258,236.42881248000026
180,241.5003,-51.5612,6197.8562,38.50389357846043,-112.89554224074725,-239.0816697600003,334714.79573371913,4263427.977152499,239.0816697600003
181,246.2926,-53.5634,6206.4599,38.503888352726925,-112.89552535342973,-241.70407752000006,334716.25642675906,4263427.366881939,241.70407752000006
182,251.0849,-55.5656,6215.0636,38.50388312699094,-112.89550846611459,-244.32648528000027,334717.7171197992,4263426.75661138,244.32648528000027
183,255.9977,-57.6204,6223.5869,38.503877763661094,-112.89549115401637,-246.92438712000035,334719.21454123897,4263426.130308338,246.92438712000035
184,260.983,-59.707,6232.0619,38.50387231712621,-112.89547358633338,-249.5075671200002,334720.734060679,4263425.49431266,249.5075671200002
185,265.9936,-61.804,6240.5188,38.50386684346762,-112.89545592951201,-252.0852302400001,334722.26129155926,4263424.855147058,252.0852302400001
186,271.1638,-63.967,6248.8611,38.503861197638216,-112.89543771033712,-254.62796328000013,334723.8371685197,4263424.19586466,254.62796328000013
187,276.3341,-66.13,6257.2034,38.50385555181154,-112.8954194908156,-257.1706963200004,334725.41307595896,4263423.536582259,257.1706963200004
188,281.6166,-68.3452,6265.4622,38.50384976901895,-112.89540087553878,-259.68797856000015,334727.02318195964,4263422.861389299,259.68797856000015
189,286.9597,-70.5886,6273.6759,38.503843912231005,-112.89538204651275,-262.19151432000035,334728.65175883984,4263422.177600978,262.19151432000035
190,292.3315,-72.8496,6281.8648,38.503838008744424,-112.89536311595174,-264.6874910400004,334730.28908347874,4263421.488448179,264.6874910400004
191,297.8515,-75.2015,6289.9257,38.50383186408114,-112.89534366107469,-267.14445336000017,334731.9715794787,4263420.771589058,267.14445336000017
192,303.3715,-77.5534,6297.9866,38.503825719414536,-112.89532420620085,-269.6014156800002,334733.6540754789,4263420.054729939,269.6014156800002
193,308.981,-79.9732,6305.9661,38.50381939339478,-112.89530443375092,-272.03356728000017,334735.3638510796,4263419.317174899,272.03356728000017
194,314.6337,-82.4256,6313.9064,38.503812980315246,-112.89528450802726,-274.4537707200002,334737.0867940386,4263418.569683379,274.4537707200002
195,320.3038,-84.9015,6321.8271,38.50380650369969,-112.89526451982407,-276.86800008000023,334738.81504051934,4263417.815029059,276.86800008000023
196,326.0489,-87.4785,6329.6628,38.50379975376364,-112.89524426231533,-279.2563214400002,334740.56614699867,4263417.02955946,279.2563214400002
197,331.7941,-90.0556,6337.4986,38.503793003555074,-112.89522400445367,-281.64467328000023,334742.3172839597,4263416.244059379,281.64467328000023
198,337.5758,-92.7453,6345.2668,38.50378594627639,-112.89520361096908,-284.0124206400003,334744.0795461199,4263415.424238819,284.0124206400003
199,343.3732,-95.4832,6353.006,38.50377875755423,-112.89518315916717,-286.37132880000036,334745.8465936396,4263414.589726901,286.37132880000036
200,349.1955,-98.2604,6360.7119,38.5037714623428,-112.89516261754603,-288.72008712000024,334747.6212306798,4263413.74323634,288.72008712000024
201,355.1095,-101.1833,6368.2944,38.5037637723105,-112.89514174506466,-291.03123312000025,334749.42381787894,4263412.85233642,291.03123312000025
202,361.0235,-104.1061,6375.8769,38.50375608254889,-112.8951208725948,-293.34237912000026,334751.2264050796,4263411.961466979,293.34237912000026
203,367.06,-107.169,6383.3047,38.503748015082174,-112.89509956206045,-295.6063725600002,334753.066330279,4263411.027895059,295.6063725600002
204,373.1429,-110.2848,6390.6741,38.5037398050044,-112.89507808561304,-297.8525656800002,334754.92039819947,4263410.07819922,297.8525656800002
205,379.2574,-113.437,6398.0004,38.50373149677742,-112.8950564961479,-300.0856219200002,334756.7840977988,4263409.117408659,300.0856219200002
206,385.4729,-116.7056,6405.1889,38.50372287469466,-112.89503454544074,-302.2766767200003,334758.67858219973,4263408.121139378,302.2766767200003
207,391.6884,-119.9742,6412.3774,38.50371425260766,-112.8950125947387,-304.46773152000037,334760.57306659804,4263407.124870099,304.46773152000037
208,397.9976,-123.3001,6419.4602,38.50370547850429,-112.89499031255279,-306.62656896000044,334762.4961107593,4263406.111135778,306.62656896000044
209,404.3377,-126.6451,6426.5079,38.50369665370698,-112.89496792104045,-308.7747079200001,334764.4285732394,4263405.091579779,308.7747079200001
210,410.7129,-129.9932,6433.5218,38.5036878223794,-112.8949454066794,-310.9125446400003,334766.3717341993,4263404.0710789,310.9125446400003
211,417.1857,-133.3503,6440.4409,38.50367897185787,-112.89492255068511,-313.0214863200001,334768.34464363963,4263403.047834818,313.0214863200001
212,423.6586,-136.7073,6447.36,38.50367012161194,-112.89489969435411,-315.13042800000017,334770.3175835598,4263402.024621218,315.13042800000017
213,430.2094,-140.0331,6454.2167,38.50366136142254,-112.89487656810995,-317.2203501600002,334772.3142673983,4263401.0109173795,317.2203501600002
214,436.7828,-143.35,6461.0554,38.50365262694031,-112.89485336355273,-319.3047859200003,334774.3178397197,4263399.99992626,319.3047859200003
215,443.3736,-146.6261,6467.8976,38.5036440054491,-112.89483010114552,-321.3902884800002,334776.3267155596,4263399.001370979,321.3902884800002
216,450.0072,-149.8022,6474.7483,38.50363566091219,-112.89480669640668,-323.47838184000034,334778.3486368395,4263398.033295699,323.47838184000034
217,456.6409,-152.9783,6481.5991,38.503627316376125,-112.89478329132372,-325.5665056800003,334780.3705885993,4263397.065220419,325.5665056800003
218,463.3197,-155.9998,6488.4756,38.50361939882259,-112.89475973980198,-327.66246288000025,334782.40628683905,4263396.144267219,327.66246288000025
219,470.0096,-158.9829,6495.3586,38.50361158731477,-112.89473615226763,-329.76040128,334784.44536835875,4263395.235018338,329.76040128
220,476.7274,-161.9218,6502.2326,38.50360389872582,-112.89471247044278,-331.85559648000026,334786.4929537996,4263394.339241619,331.85559648000026
221,483.5058,-164.7642,6509.0874,38.503596478488454,-112.89468858384471,-333.9449395200004,334788.55901011906,4263393.472878099,333.9449395200004
222,490.2842,-167.6066,6515.9422,38.50358905824607,-112.89466469725137,-336.0342825600003,334790.6250664396,4263392.606514581,336.0342825600003
223,497.1657,-170.4125,6522.7072,38.503581744034626,-112.89464045308283,-338.09625456000026,334792.7225476388,4263391.751276259,338.09625456000026
224,504.0687,-173.2107,6529.4534,38.503574452173126,-112.89461613435728,-340.1524963200004,334794.8265820403,4263390.8983849,340.1524963200004
225,511.0195,-176.0239,6536.145,38.50356712182807,-112.89459164755576,-342.19209600000045,334796.9451858795,4263390.040921538,342.19209600000045
226,518.0633,-178.8663,6542.7304,38.50355971657036,-112.89456683373895,-344.1993259200003,334799.092136119,4263389.174558019,344.1993259200003
227,525.107,-181.7087,6549.3159,38.503552311301576,-112.89454202027642,-346.20658632000004,334801.23905587837,4263388.3081944985,346.20658632000004
228,532.3221,-184.5991,6555.6854,38.503544783938864,-112.89451660453594,-348.1480099200003,334803.438218359,4263387.427200578,348.1480099200003
229,539.5669,-187.4979,6562.0175,38.503537235188325,-112.89449108443172,-350.0780340000001,334805.64643339906,4263386.543646339,350.0780340000001
230,546.9203,-190.3701,6568.2322,38.50352976559905,-112.89446518682479,-351.9722745600004,334807.88774971897,4263385.668199779,351.9722745600004
231,554.4625,-193.1965,6574.2427,38.50352243241628,-112.89443863289746,-353.80427496000016,334810.18661227956,4263384.806713059,353.80427496000016
232,562.0048,-196.0228,6580.2532,38.50351509950753,-112.89441207863314,-355.63627536000035,334812.4855053191,4263383.945256819,355.63627536000035
233,569.8365,-198.6515,6585.9778,38.503508325442084,-112.89438452749772,-357.3811334400002,334814.872607479,4263383.144029059,357.3811334400002
234,577.7084,-201.2527,6591.6627,38.50350162914077,-112.89435683789677,-359.11389096000016,334817.2719625982,4263382.351183298,359.11389096000016
235,585.6516,-203.7963,6597.2618,38.50349509499788,-112.8943289033399,-360.82049664000033,334819.6930499593,4263381.575894019,360.82049664000033
236,593.8604,-206.1728,6602.5442,38.50348903461711,-112.89430005286832,-362.43057216000034,334822.1950921995,4263380.85153682,362.43057216000034
237,602.1079,-208.5299,6607.7806,38.50348302967733,-112.89427106858872,-364.0266268800003,334824.7089301989,4263380.133092739,364.0266268800003
238,610.53,-210.7646,6612.7831,38.503477370635764,-112.89424148310968,-365.5513888800001,334827.27598627954,4263379.45195618,365.5513888800001
239,619.0497,-212.9258,6617.6592,38.503471918889815,-112.89421156193212,-367.0376241600002,334829.87279083894,4263378.793222419,367.0376241600002
240,627.6244,-215.0308,6622.4638,38.50346662453597,-112.89418145264517,-368.50206624000043,334832.4863593988,4263378.151618418,368.50206624000043
241,636.2763,-217.0571,6627.1676,38.50346155060024,-112.89415107930587,-369.93578448000017,334835.1234585195,4263377.534002178,369.93578448000017
242,644.9282,-219.0834,6631.8715,38.50345647665652,-112.89412070597054,-371.3695332000002,334837.7605576388,4263376.916385939,371.3695332000002
243,653.6735,-221.0313,6636.426,38.50345162322268,-112.89409001196222,-372.7577448000004,334840.4261250788,4263376.322666019,372.7577448000004
244,662.4259,-222.9731,6640.9691,38.50344678692888,-112.89405929359084,-374.1424816800004,334843.0938565993,4263375.730805379,374.1424816800004
245,671.2084,-224.9238,6645.4465,38.50344192789421,-112.89402846942122,-375.5071932000003,334845.7707625998,4263375.1362320185,375.5071932000003
246,680.0292,-226.8858,6649.8408,38.50343703999312,-112.89399751063205,-376.84657584000024,334848.45934243896,4263374.53821442,376.84657584000024
247,688.85,-228.8478,6654.2351,38.503432152083725,-112.89396655184673,-378.1859584800002,334851.1479222798,4263373.94019682,378.1859584800002
248,697.7743,-230.8672,6658.3878,38.503427112430195,-112.89393522733377,-379.4517014400003,334853.868048919,4263373.3246837,379.4517014400003
249,706.7036,-232.8895,6662.5288,38.503422065089126,-112.89390388514751,-380.7138782400002,334856.58969955926,4263372.708286661,380.7138782400002
250,715.6873,-234.9249,6666.5497,38.503416984849395,-112.89387235196318,-381.9394485600001,334859.32793131913,4263372.087896739,381.9394485600001
251,724.7332,-236.9753,6670.4334,38.503411866935444,-112.89384060039296,-383.12320032000025,334862.0851216394,4263371.462934819,383.12320032000025
252,733.7791,-239.0257,6674.3171,38.50340674901275,-112.89380884882691,-384.3069520800002,334864.84231195913,4263370.837972898,384.3069520800002
253,742.8565,-241.0722,6678.1103,38.503401643568544,-112.8937769874924,-385.46311944000036,334867.60910347966,4263370.214199699,385.46311944000036
254,751.9345,-243.1186,6681.9015,38.50339653842397,-112.893745124073,-386.6186772000001,334870.37607787934,4263369.590456978,386.6186772000001
255,761.0205,-245.161,6685.6809,38.50339144470426,-112.89371323299544,-387.7706383200002,334873.1454906793,4263368.967933459,387.7706383200002
256,770.1147,-247.1993,6689.448,38.503386362695274,-112.89368131356814,-388.91885040000034,334875.91740283946,4263368.346659619,388.91885040000034
257,779.2088,-249.2376,6693.2152,38.50338128067178,-112.89364939449436,-390.0670929600001,334878.68928451894,4263367.72538578,390.0670929600001
258,788.2949,-251.272,6696.9944,38.503376208894416,-112.89361750365516,-391.21899312000005,334881.45872779895,4263367.10530066,391.21899312000005
259,797.381,-253.3063,6700.7735,38.50337113738279,-112.89358561282728,-392.3708628000004,334884.22817107884,4263366.485246019,392.3708628000004
260,806.4671,-255.3573,6704.5486,38.503366020014305,-112.89355372080263,-393.52151328000014,334886.99761435913,4263365.860101219,393.52151328000014
261,815.5532,-257.4237,6708.3197,38.503360860357986,-112.89352182767477,-394.6709445600002,334889.7670576384,4263365.230262499,394.6709445600002
262,824.6391,-259.4906,6712.0911,38.503355699308834,-112.89348993521392,-395.82046728,334892.53643995896,4263364.600271378,395.82046728
263,833.7171,-261.5691,6715.8702,38.50335050595797,-112.89345806952375,-396.97233696000035,334895.3034143602,4263363.966744578,396.97233696000035
264,842.7952,-263.6477,6719.6494,38.50334531232941,-112.89342620348125,-398.1242371200001,334898.0704192403,4263363.333187299,398.1242371200001
265,851.8798,-265.711,6723.4242,38.50334016106381,-112.89339431583379,-399.2747961600003,334900.83940531895,4263362.704293461,399.2747961600003
266,860.9699,-267.7614,6727.1954,38.503335045515726,-112.89336240990244,-400.42425791999995,334903.61006779876,4263362.079331539,400.42425791999995
267,870.0603,-269.8102,6730.9663,38.50332993436839,-112.8933305030422,-401.5736282400003,334906.3808217187,4263361.454857299,401.5736282400003
268,879.1544,-271.8325,6734.7334,38.50332489617419,-112.89329858516459,-402.7218403200004,334909.1527033994,4263360.838460259,402.7218403200004
269,888.2485,-273.8547,6738.5005,38.5033198582457,-112.89326666729828,-403.8700524000001,334911.9245850798,4263360.2220936995,403.8700524000001
270,897.3336,-275.8587,6742.3019,38.503314869766065,-112.89323478218832,-405.02871912000046,334914.6937235594,4263359.611274499,405.02871912000046
271,906.4116,-277.8488,6746.1293,38.50330991903744,-112.89320292288735,-406.1953106400001,334917.46069795976,4263359.004692018,406.1953106400001
272,915.4864,-279.8357,6749.9658,38.50330497690454,-112.89317107500048,-407.36467584,334920.2266969978,4263358.3990849005,407.36467584
273,924.5243,-281.7856,6753.9058,38.5033001342577,-112.89313935869684,-408.56558784000026,334922.9814489193,4263357.804755379,408.56558784000026
274,933.5622,-283.7355,6757.8458,38.50329529160217,-112.89310764239711,-409.76649984000005,334925.7362008408,4263357.21042586,409.76649984000005
275,942.5714,-285.6949,6761.8502,38.50329042123537,-112.8930760256888,-410.9870409600003,334928.48220499954,4263356.613200739,410.9870409600003
276,951.561,-287.6609,6765.8988,38.5032855316331,-112.89304447698733,-412.2210542400003,334931.22223507916,4263356.01396394,412.2210542400003
277,960.5455,-289.6332,6769.9541,38.50328062443811,-112.89301294565497,-413.45710968000003,334933.96071067883,4263355.412806898,413.45710968000003
278,969.4869,-291.6595,6774.067,38.503275566548616,-112.89298156102498,-414.7107216000004,334936.6860493992,4263354.795190659,414.7107216000004
279,978.4282,-293.6858,6778.1799,38.503270508644945,-112.89295017674841,-415.9643335200003,334939.4113576393,4263354.177574419,415.9643335200003
280,987.3771,-295.7419,6782.2654,38.50326536934933,-112.89291876378128,-417.2095939200003,334942.13898235944,4263353.55087514,417.2095939200003
281,996.3305,-297.8165,6786.334,38.503260179509574,-112.89288733376658,-418.4497032000004,334944.86797867954,4263352.918537059,418.4497032000004
282,1005.2903,-299.8899,6790.39,38.50325499331725,-112.89285588148238,-419.6859720000002,334947.5989257188,4263352.2865647385,419.6859720000002
283,1014.2919,-301.9564,6794.3621,38.50324982842063,-112.89282428365985,-420.8966680800004,334950.3426133997,4263351.656695539,420.8966680800004
284,1023.2936,-304.0229,6798.3343,38.503244663521016,-112.89279268549215,-422.10739464000017,334953.08633155795,4263351.026826341,422.10739464000017
285,1032.3005,-306.0583,6802.3013,38.50323958428816,-112.89276107139659,-423.31653624000046,334955.83163467946,4263350.406436418,423.31653624000046
286,1041.3102,-308.0766,6806.2654,38.50323455215106,-112.8927294487518,-424.5247939200003,334958.57779123937,4263349.79125858,424.5247939200003
287,1050.3199,-310.091,6810.2339,38.50322953071232,-112.89269782639136,-425.7343927200004,334961.32394780073,4263349.177269459,425.7343927200004
288,1059.3296,-312.0851,6814.2262,38.5032245649964,-112.89266620549407,-426.95124576000035,334964.07010435965,4263348.569467779,426.95124576000035
289,1068.3393,-314.0793,6818.2184,38.5032195989973,-112.8926345845936,-428.1680683200002,334966.8162609197,4263347.96163562,428.1680683200002
290,1077.3302,-316.0841,6822.2376,38.50321460282656,-112.89260302861761,-429.3931204800001,334969.5566872392,4263347.35057258,429.3931204800001
291,1086.3118,-318.0943,6826.2701,38.503209591296844,-112.89257150474934,-430.62222648000034,334972.2942789188,4263346.73786362,430.62222648000034
292,1095.2882,-320.1163,6830.3098,38.50320454706918,-112.89253999820448,-431.85352704000024,334975.0302856397,4263346.121558019,431.85352704000024
293,1104.2417,-322.1908,6834.3825,38.503199357406494,-112.89250856789721,-433.0948860000003,334977.75931243843,4263345.489250419,433.0948860000003
294,1113.1951,-324.2653,6838.4552,38.50319416772958,-112.89247713794347,-434.3362449600004,334980.48830875976,4263344.856942819,434.3362449600004
295,1122.1178,-326.3985,6842.5586,38.50318881515576,-112.89244581103318,-435.5869612800002,334983.2079477187,4263344.206743458,435.5869612800002
296,1131.027,-328.5575,6846.6755,38.50318339097989,-112.89241452943854,-436.8417924000005,334985.9234718788,4263343.54868026,436.8417924000005
297,1139.9287,-330.7289,6850.804,38.503177932329116,-112.89238327316019,-438.10015920000023,334988.6367100396,4263342.886837539,438.10015920000023
298,1148.8017,-332.9482,6854.9772,38.503172340544786,-112.89235211371432,-439.37215056000014,334991.34120043926,4263342.2103949,439.37215056000014
299,1157.6747,-335.1675,6859.1504,38.503166748752044,-112.89232095427295,-440.6441419200005,334994.04569083825,4263341.53395226,440.6441419200005
300,1166.5362,-337.3896,6863.3438,38.503161148614375,-112.89228983481284,-441.92229024000017,334996.7466760407,4263340.85665618,441.92229024000017
301,1175.3931,-339.6129,6867.5452,38.503155544914065,-112.89225873134224,-443.20287696000014,334999.4462591592,4263340.17899434,443.20287696000014
302,1184.2529,-341.8231,6871.7446,38.5031499773338,-112.89222761868562,-444.4828540800004,335002.1467261993,4263339.50532538,444.4828540800004
303,1193.1219,-343.9901,6875.9379,38.50314452886563,-112.89219647699532,-445.76097192,335004.84999739914,4263338.84482378,445.76097192
304,1201.9909,-346.1571,6880.1312,38.503139080389055,-112.89216533530939,-447.03908976,335007.5532685995,4263338.184322179,447.03908976
305,1210.8839,-348.2971,6884.2945,38.50313370738487,-112.89213411171819,-448.3080636000004,335010.2638549991,4263337.532050179,448.3080636000004
306,1219.785,-350.4279,6888.4475,38.50312836008719,-112.89210286049308,-449.5738980000001,335012.97691027925,4263336.8825823385,449.5738980000001
307,1228.6852,-352.568,6892.5996,38.50312298719808,-112.89207161174839,-450.83945808,335015.68969123974,4263336.230279858,450.83945808
308,1237.5823,-354.735,6896.7486,38.50311754027435,-112.89204037190581,-452.1040732800002,335018.4015273194,4263335.569778259,452.1040732800002
309,1246.4794,-356.902,6900.8977,38.50311209334217,-112.8920091320676,-453.3687189600005,335021.1133633994,4263334.909276659,453.3687189600005
310,1255.3704,-359.1155,6905.0312,38.50310651839625,-112.89197791020459,-454.6286097600005,335023.8233401989,4263334.234601858,454.6286097600005
311,1264.2595,-361.3428,6909.1602,38.50310090544818,-112.89194669399267,-455.88712896000015,335026.53273787897,4263333.555720819,455.88712896000015
312,1273.1554,-363.5815,6913.2674,38.50309526157806,-112.8919154532088,-457.1390035200002,335029.24420819804,4263332.8733650595,457.1390035200002
313,1282.0687,-365.8491,6917.32,38.50308953933989,-112.8918841495621,-458.3742360000001,335031.9609820392,4263332.182200578,458.3742360000001
314,1290.9819,-368.1166,6921.3726,38.50308381736213,-112.8918528462766,-459.60946848000003,335034.6777253995,4263331.491066579,459.60946848000003
315,1299.9303,-370.4001,6925.3419,38.50307805343676,-112.89182141886671,-460.8193111200003,335037.4051977195,4263330.79505578,460.8193111200003
316,1308.8878,-372.6877,6929.2899,38.503072278760406,-112.89178995937395,-462.02266151999993,335040.13544371875,4263330.097795298,462.02266151999993
317,1317.8552,-374.9765,6933.2119,38.50306650133989,-112.89175846521167,-463.2180871200003,335042.8687072398,4263329.400169059,463.2180871200003
318,1326.8448,-377.2682,6937.0755,38.50306071720234,-112.89172689328484,-464.3957124000003,335045.6087373188,4263328.701658899,464.3957124000003
319,1335.8344,-379.5598,6940.9391,38.50305493333069,-112.8916953213699,-465.5733376799999,335048.3487673997,4263328.00317922,465.5733376799999
320,1344.8901,-381.858,6944.6408,38.5030491350621,-112.89166351804964,-466.70161584000016,335051.108944759,4263327.302687858,466.70161584000016
321,1353.9601,-384.1577,6948.3074,38.50304333347389,-112.89163166466595,-467.81919552,335053.87348075944,4263326.601739299,467.81919552
322,1363.0557,-386.452,6951.9135,38.50303754814706,-112.89159972223534,-468.91833480000014,335056.64581963915,4263325.90243666,468.91833480000014
323,1372.2021,-388.7356,6955.3991,38.503031795054625,-112.89156760309638,-469.9807456799999,335059.43364236003,4263325.206395379,469.9807456799999
324,1381.3485,-391.0192,6958.8848,38.503026041953234,-112.89153548396219,-471.04318704000025,335062.22146507935,4263324.5103541,471.04318704000025
325,1390.5324,-393.2619,6962.299,38.50302040324625,-112.8915032367556,-472.08383520000007,335065.02071779943,4263323.826779138,472.08383520000007
326,1399.723,-395.4972,6965.7003,38.50301478522437,-112.89147096667722,-473.1205514400003,335067.8220126787,4263323.145459699,473.1205514400003
327,1408.9296,-397.721,6969.0639,38.5030091996686,-112.89143864152977,-474.1457767200004,335070.62818435906,4263322.46764546,474.1457767200004
328,1418.1644,-399.9242,6972.3606,38.50300367225056,-112.89140621934331,-475.1506108800004,335073.44295139954,4263321.796110099,475.1506108800004
329,1427.3993,-402.1273,6975.6574,38.502998145103604,-112.89137379681928,-476.15547552000044,335076.25774891896,4263321.124605219,476.15547552000044
330,1436.6201,-404.2989,6979.0172,38.50299270363169,-112.89134142582397,-477.1795425600003,335079.0682487595,4263320.4627015395,477.1795425600003
331,1445.8389,-406.4659,6982.3863,38.502987274666644,-112.89130906215104,-478.2064442400001,335081.878138999,4263319.80219994,478.2064442400001
332,1455.0329,-408.6283,6985.8251,38.50298185692166,-112.89127678545758,-479.2545904800004,335084.68047019874,4263319.143100418,479.2545904800004
333,1464.1874,-410.7832,6989.3751,38.50297645752883,-112.8912446473097,-480.33663048000017,335087.4707617997,4263318.486286898,480.33663048000017
334,1473.3418,-412.9382,6992.9251,38.50297105784688,-112.89121250950848,-481.4186704800004,335090.2610229196,4263317.829442899,481.4186704800004
335,1482.4349,-415.1039,6996.6159,38.50296562532073,-112.89118058510907,-482.54362631999993,335093.0325997988,4263317.169337538,482.54362631999993
336,1491.521,-417.2709,7000.3227,38.50296018882171,-112.89114868507687,-483.67345896000006,335095.80204307893,4263316.50883594,483.67345896000006
337,1500.5856,-419.4396,7004.0791,38.50295474643337,-112.89111686004227,-484.81840968000006,335098.5649331594,4263315.8478161795,484.81840968000006
338,1509.6195,-421.6106,7007.9065,38.50294929598934,-112.89108514210454,-485.98500120000017,335101.31846587884,4263315.186095379,485.98500120000017
339,1518.6533,-423.7816,7011.7339,38.50294384553095,-112.8910534245206,-487.1515927200003,335104.0719681196,4263314.524374579,487.1515927200003
340,1527.6537,-425.9303,7015.6653,38.502938454401395,-112.89102182523318,-488.3498834400002,335106.8152900394,4263313.86945082,488.3498834400002
341,1536.6514,-428.0772,7019.6053,38.502933068052535,-112.89099023551248,-489.55079544000046,335109.55778899917,4263313.2150757,489.55079544000046
342,1545.6193,-430.2013,7023.6189,38.50292774260846,-112.89095875154659,-490.77414072000056,335112.291204919,4263312.567650018,490.77414072000056
343,1554.5486,-432.296,7027.7277,38.502922495692346,-112.89092740455422,-492.02650296000047,335115.0128555589,4263311.929185458,492.02650296000047
344,1563.4779,-434.3906,7031.8366,38.50291724904226,-112.89089605757323,-493.27889568,335117.7345061989,4263311.290751379,493.27889568
345,1572.3614,-436.4433,7036.0675,38.50291211483146,-112.89086487361803,-494.56847400000015,335120.4421969993,4263310.66508842,494.56847400000015
346,1581.2425,-438.4937,7040.305,38.50290698679122,-112.89083369821702,-495.8600640000004,335123.1491562789,4263310.0401265,495.8600640000004
347,1590.1124,-440.533,7044.5684,38.5029018885845,-112.89080256274691,-497.15954832000034,335125.8527017997,4263309.418547859,497.15954832000034
348,1598.9694,-442.5592,7048.8622,38.502896825606236,-112.89077147329061,-498.4682985600002,335128.55231539963,4263308.800962101,498.4682985600002
349,1607.8263,-444.5855,7053.156,38.502891762339395,-112.89074038418053,-499.7770488000001,335131.25189851946,4263308.183345859,499.7770488000001
350,1616.6597,-446.5805,7057.5203,38.5028867836692,-112.8907093794245,-501.10728744000016,335133.944318839,4263307.575269859,501.10728744000016
351,1625.4926,-448.5746,7061.8865,38.50288180743334,-112.89067837648386,-502.4381051999999,335136.6365867593,4263306.96746818,502.4381051999999
352,1634.3117,-450.5531,7066.2859,38.50287687323875,-112.8906474228807,-503.77904232000037,335139.32464844023,4263306.364421379,503.77904232000037
353,1643.1164,-452.515,7070.7204,38.502871983797014,-112.89061652078297,-505.1306779200004,335142.0083209998,4263305.76643426,505.1306779200004
354,1651.921,-454.477,7075.1549,38.50286709406683,-112.8905856190313,-506.4823135200004,335144.6919630789,4263305.168416659,506.4823135200004
355,1660.7096,-456.4188,7079.6255,38.50286225888273,-112.89055477463339,-507.84495240000024,335147.3707283598,4263304.576556019,507.84495240000024
356,1669.4982,-458.3607,7084.0962,38.502857423415854,-112.8905239302321,-509.20762176000017,335150.0494936382,4263303.984664899,509.20762176000017
357,1678.2662,-460.3005,7088.6081,38.50285259254392,-112.8904931579562,-510.58284888000026,335152.7219800388,4263303.393413859,510.58284888000026
358,1687.0146,-462.2383,7093.1592,38.50284776604888,-112.89046245430472,-511.9700241600003,335155.38849235943,4263302.8027724195,511.9700241600003
359,1695.762,-464.176,7097.7123,38.50284293976379,-112.89043175415794,-513.3578090400001,335158.0546998796,4263302.212161458,513.3578090400001
360,1704.4702,-466.1099,7102.3438,38.5028381216917,-112.89040119124189,-514.7694902400003,335160.7089592394,4263301.622708739,514.7694902400003
361,1713.1784,-468.0437,7106.9753,38.50283330388607,-112.89037062833677,-516.1811714400001,335163.3632185989,4263301.0332865,516.1811714400001
362,1721.9168,-469.9775,7111.5506,38.50282848777592,-112.89033995992483,-517.5757228800003,335166.02668291866,4263300.443864259,517.5757228800003
363,1730.6813,-471.9113,7116.0776,38.50282367312993,-112.89030920033036,-518.9555524800003,335168.6981025188,4263299.854442018,518.9555524800003
364,1739.4502,-473.8447,7120.5957,38.5028188598221,-112.89027842539599,-520.3326693600002,335171.3708632394,4263299.265141699,520.3326693600002
365,1748.3031,-475.7705,7124.9457,38.50281407210931,-112.89024735753786,-521.6585493600005,335174.069227159,4263298.6781578595,521.6585493600005
366,1757.1561,-477.6962,7129.2958,38.50280928466835,-112.89021628934132,-522.98445984,335176.7676215602,4263298.0912045,522.98445984
367,1766.0452,-479.6288,7133.5689,38.50280448031202,-112.89018509452977,-524.2869007200002,335179.477019239,4263297.502148019,524.2869007200002
368,1774.9624,-481.5666,7137.7823,38.50279966325618,-112.89015380117503,-525.5711450400004,335182.1949817996,4263296.911506578,525.5711450400004
369,1783.8809,-483.5069,7141.9917,38.50279483940169,-112.89012250310287,-526.8541701600002,335184.91334059904,4263296.32010314,526.8541701600002
370,1792.8142,-485.4769,7146.1529,38.50278993483516,-112.89009115119562,-528.1225039200003,335187.6362104395,4263295.719647138,528.1225039200003
371,1801.7475,-487.4469,7150.314,38.50278503026013,-112.8900597992923,-529.3908072000004,335190.3590802791,4263295.119191139,529.3908072000004
372,1810.6809,-489.45,7154.4633,38.50278003480956,-112.89002844466779,-530.6555138400004,335193.0819805996,4263294.508646258,530.6555138400004
373,1819.6142,-491.4763,7158.6043,38.5027749756516,-112.88999708873152,-531.9176906400003,335195.80485043884,4263293.891030019,531.9176906400003
374,1828.5483,-493.5111,7162.7388,38.50276989319436,-112.88996572939425,-533.1778862400001,335198.5279641198,4263293.270822979,533.1778862400001
375,1837.4897,-495.6218,7166.8155,38.5027646027646,-112.88993433910949,-534.4204644000001,335201.25330283877,4263292.627481619,534.4204644000001
376,1846.4311,-497.7325,7170.8922,38.502759312326305,-112.88990294882898,-535.6630425600001,335203.978641558,4263291.984140259,535.6630425600001
377,1855.3552,-499.8777,7174.9861,38.50275392618757,-112.88987161651815,-536.9108632800003,335206.6987072397,4263291.330283299,536.9108632800003
378,1864.2684,-502.0447,7179.091,38.502748479575956,-112.88984032072875,-538.1620368000004,335209.41545059904,4263290.669781701,538.1620368000004
379,1873.1715,-504.2173,7183.2151,38.50274301701202,-112.88980905982847,-539.4190624800003,335212.12911547907,4263290.007573219,539.4190624800003
380,1882.0043,-506.4285,7187.4727,38.502737444502785,-112.88977804177128,-540.7167789600003,335214.8213529195,4263289.333599458,540.7167789600003
381,1890.8371,-508.6398,7191.7303,38.502731871710665,-112.88974702371138,-542.0144954400002,335217.5135903595,4263288.6595952185,542.0144954400002
382,1899.6109,-510.8895,7196.0881,38.50272619015981,-112.88971620903,-543.3427528800003,335220.18784459867,4263287.973886658,543.3427528800003
383,1908.3512,-513.161,7200.5025,38.502720446861936,-112.88968550982847,-544.6882620000001,335222.8518880396,4263287.281533458,544.6882620000001
384,1917.083,-515.4405,7204.9278,38.502714681113375,-112.88965483975409,-546.0370934400003,335225.513340679,4263286.586741859,546.0370934400003
385,1925.7671,-517.7643,7209.4146,38.50270879104577,-112.88962433315596,-547.4046700800004,335228.1602543589,4263285.87844762,547.4046700800004
386,1934.4511,-520.0881,7213.9014,38.502702900964415,-112.88959382691188,-548.7722467200001,335230.80713755876,4263285.1701533785,548.7722467200001
387,1943.1005,-522.4252,7218.4549,38.502696972410206,-112.88956344060091,-550.1601535200002,335233.44347467925,4263284.457805299,550.1601535200002
388,1951.7323,-524.7691,7223.0422,38.50269102418688,-112.8895331152962,-551.5583625600002,335236.0744473188,4263283.743384579,551.5583625600002
389,1960.3534,-527.1123,7227.6494,38.502685077274,-112.88950282742923,-552.9626371200002,335238.7021585991,4263283.02917722,552.9626371200002
390,1968.9249,-529.4522,7232.3492,38.50267913661632,-112.88947271309235,-554.3951361600002,335241.31475179945,4263282.315975699,554.3951361600002
391,1977.4964,-531.792,7237.0491,38.502673196225295,-112.88944259876729,-555.8276656800003,335243.9273449993,4263281.602804659,555.8276656800003
392,1985.9986,-534.1236,7241.8765,38.50266727443136,-112.88941272715016,-557.2990572000003,335246.5188155589,4263280.89213298,557.2990572000003
393,1994.4696,-536.4514,7246.7613,38.50266136130309,-112.88938296481437,-558.7879442400003,335249.100776359,4263280.182619539,558.7879442400003
394,2002.9267,-538.7743,7251.6713,38.50265546083588,-112.88935325139747,-560.2845122400004,335251.67850043956,4263279.474599618,560.2845122400004
395,2011.3293,-541.078,7256.6807,38.50264960999999,-112.88932372977047,-561.8113773600003,335254.2396129192,4263278.772431861,561.8113773600003
396,2019.732,-543.3817,7261.6901,38.50264375916214,-112.88929420779859,-563.3382424800002,335256.8007558793,4263278.070264099,563.3382424800002
397,2028.1404,-545.6681,7266.6966,38.502637956133476,-112.88926466715816,-564.8642236800001,335259.3636361998,4263277.373369379,564.8642236800001
398,2036.551,-547.9477,7271.702,38.50263217188997,-112.88923511932389,-566.3898696000001,335261.9271870799,4263276.678547299,566.3898696000001
399,2044.9626,-550.2218,7276.7102,38.50262640279497,-112.8892055683949,-567.9163689600005,335264.49104275985,4263275.985401619,567.9163689600005
400,2053.3773,-552.4772,7281.7276,38.50262068520609,-112.88917600798139,-569.4456724800002,335267.05584331905,4263275.297955698,569.4456724800002
401,2061.792,-554.7327,7286.7451,38.502614967335084,-112.8891464475651,-570.97500648,335269.6206438792,4263274.6104793,570.97500648
402,2070.2246,-556.9643,7291.7388,38.502609316080616,-112.88911682633017,-572.49708624,335272.19090035895,4263273.930287619,572.49708624
403,2078.6634,-559.1876,7296.724,38.50260368795486,-112.88908718403394,-574.0165752000003,335274.7630465996,4263273.252625778,574.0165752000003
404,2087.1094,-561.4058,7301.6992,38.50259807422888,-112.88905751695313,-575.5330161600004,335277.3373873995,4263272.576518418,575.5330161600004
405,2095.5763,-563.609,7306.6443,38.502592502854405,-112.88902777793395,-577.04028264,335279.91809851944,4263271.9049830595,577.04028264
406,2104.0433,-565.8121,7311.5894,38.50258693175242,-112.88899803857686,-578.54754912,335282.4988401199,4263271.233478178,578.54754912
407,2112.5164,-568.0153,7316.5283,38.502581360712085,-112.8889682779052,-580.0529258400002,335285.08144099906,4263270.56194282,580.0529258400002
408,2120.9914,-570.2185,7321.4653,38.50257578977115,-112.88893851059977,-581.5577234400002,335287.66462099925,4263269.89040746,581.5577234400002
409,2129.4709,-572.4239,7326.3923,38.502570213036286,-112.88890872741909,-583.0594730400003,335290.24917259905,4263269.21820154,583.0594730400003
410,2137.962,-574.6351,7331.2932,38.50256462102426,-112.88887890329956,-584.5532673600001,335292.8372598792,4263268.544227781,584.5532673600001
411,2146.4531,-576.8464,7336.194,38.502559028729955,-112.88884907917716,-586.0470312000002,335295.42534715903,4263267.870223538,586.0470312000002
412,2154.9823,-579.0608,7341.0281,38.502553430064694,-112.8888191217261,-587.5204648800004,335298.0250473191,4263267.195274419,587.5204648800004
413,2163.5216,-581.276,7345.8446,38.50254782976459,-112.88878912893544,-588.9885340800001,335300.62782595947,4263266.52008146,588.9885340800001
414,2172.0793,-583.49,7350.6292,38.50254223378823,-112.88875907195083,-590.4468801600001,335303.23621291877,4263265.845254258,590.4468801600001
415,2180.6789,-585.7012,7355.3411,38.50253664785271,-112.88872886878465,-591.88306728,335305.857370999,4263265.1712805005,591.88306728
416,2189.2786,-587.9125,7360.0531,38.50253106164036,-112.88869866526629,-593.3192848800004,335308.4785595589,4263264.49727626,593.3192848800004
417,2197.9209,-590.1073,7364.6895,38.502525523120134,-112.8886683141034,-594.7324596000003,335311.112732599,4263263.828301219,594.7324596000003
418,2206.5728,-592.2984,7369.3089,38.50251999529094,-112.88863792967054,-596.1404527200002,335313.7498317191,4263263.16045394,596.1404527200002
419,2215.2419,-594.4816,7373.8992,38.50251449011175,-112.88860748571669,-597.5395761600003,335316.392173399,4263262.495014578,597.5395761600003
420,2223.946,-596.6486,7378.4302,38.50250903137252,-112.88857692064896,-598.9206249600002,335319.04518307874,4263261.83451298,598.9206249600002
421,2232.6502,-598.8155,7382.9612,38.50250357290534,-112.88854635524332,-600.3016737600001,335321.6982232401,4263261.174041859,600.3016737600001
422,2241.4153,-600.9724,7387.3873,38.50249814531612,-112.88851557779189,-601.6507490400004,335324.3698257193,4263260.516618739,601.6507490400004
423,2250.1918,-603.1273,7391.7936,38.502492723851915,-112.88848476065985,-602.9937892800003,335327.0449029189,4263259.859805219,602.9937892800003
424,2258.9841,-605.2694,7396.1715,38.50248733841099,-112.88845388924933,-604.3281732000005,335329.7247959598,4263259.2068931395,604.3281732000005
425,2267.8048,-607.3882,7400.4974,38.50248201853004,-112.88842292029253,-605.6467075200003,335332.41334531957,4263258.5610829,605.6467075200003
426,2276.6256,-609.5069,7404.8234,38.50247669892095,-112.88839195099774,-606.9652723200002,335335.10192515946,4263257.915303138,606.9652723200002
427,2285.4115,-611.5838,7409.2365,38.50247149209466,-112.88836110663533,-608.3103852000004,335337.77986747876,4263257.282264019,608.3103852000004
428,2294.192,-613.6543,7413.6629,38.5024663025264,-112.88833028160202,-609.6595519200005,335340.4561638788,4263256.651175619,609.6595519200005
429,2302.9634,-615.7126,7418.1169,38.502461145931,-112.88829948924045,-611.0171311200002,335343.1296865988,4263256.0238057785,611.0171311200002
430,2311.7198,-617.751,7422.6157,38.50245604311565,-112.88826875071562,-612.3883653600005,335345.7986373194,4263255.402501459,612.3883653600005
431,2320.4763,-619.7893,7427.1146,38.50245094057228,-112.88823801185264,-613.7596300800001,335348.4676185191,4263254.781227619,613.7596300800001
432,2329.2542,-621.7989,7431.5775,38.50244591801954,-112.8882072002861,-615.1199220000003,335351.14312243916,4263254.168701539,615.1199220000003
433,2338.0348,-623.8051,7436.0361,38.50244090494506,-112.88817637953429,-616.4789032800004,335353.8194493195,4263253.557211779,616.4789032800004
434,2346.8137,-625.8015,7440.5029,38.50243591867151,-112.88814556542843,-617.8403839200005,335356.4952580397,4263252.9487090595,617.8403839200005
435,2355.5902,-627.7836,7444.9816,38.50243097151373,-112.88811476073674,-619.2054916800003,335359.17033523886,4263252.344564979,619.2054916800003
436,2364.3668,-629.7656,7449.4603,38.50242602462793,-112.88808395570673,-620.57059944,335361.8454429195,4263251.74045138,620.57059944
437,2373.1433,-631.7256,7453.9538,38.50242113812707,-112.88805315260737,-621.9402182400004,335364.52052011876,4263251.143043378,621.9402182400004
438,2381.9198,-633.6835,7458.4486,38.502416257383345,-112.8880223496624,-623.3102332799999,335367.19559731905,4263250.546275459,623.3102332799999
439,2390.6808,-635.6362,7462.9712,38.50241139003423,-112.88799160124664,-624.6887217600001,335369.86595011945,4263249.951092499,624.6887217600001
440,2399.4211,-637.5821,7467.5303,38.50240654017945,-112.88796092564206,-626.0783354400005,335372.5299935603,4263249.35798218,626.0783354400005
441,2408.1615,-639.528,7472.0894,38.50240169032214,-112.88793024969192,-627.46794912,335375.19406747894,4263248.764871858,627.46794912
442,2416.8639,-641.4739,7476.732,38.5023968383159,-112.88789970650662,-628.8830136000001,335377.84655899915,4263248.17176154,628.8830136000001
443,2425.5641,-643.4197,7481.3796,38.502391986452146,-112.88786917101842,-630.2996020800001,335380.4983799592,4263247.578681698,630.2996020800001
444,2434.2477,-645.3693,7486.0528,38.50238712321266,-112.8878386932572,-631.7239934400004,335383.1451412396,4263246.984443618,631.7239934400004
445,2442.9117,-647.3232,7490.7567,38.502382247055756,-112.88780828366825,-633.15774216,335385.785928439,4263246.3888949,633.15774216
446,2451.5756,-649.2771,7495.4606,38.5023773708852,-112.88777787443244,-634.5914908800005,335388.4266851598,4263245.79334618,634.5914908800005
447,2460.2201,-651.2427,7500.1995,38.50237246149258,-112.8877475321397,-636.0359076,335391.0615287597,4263245.1942313,636.0359076
448,2468.864,-653.2087,7504.9395,38.50236755096002,-112.88771719191831,-637.4806596000003,335393.69618947926,4263244.594994499,637.4806596000003
449,2477.504,-655.1824,7509.6777,38.5023626190602,-112.88768686477424,-638.9248629600002,335396.3296614791,4263243.993410738,638.9248629600002
450,2486.1398,-657.1644,7514.4137,38.50235766412903,-112.88765655171261,-640.3683957600001,335398.9618533189,4263243.389297139,640.3683957600001
451,2494.7756,-659.1465,7519.1497,38.502352708915325,-112.88762623864764,-641.8119285600001,335401.5940451596,4263242.785153058,641.8119285600001
452,2503.4194,-661.1366,7523.8818,38.50234773218108,-112.8875958970634,-643.2542726400002,335404.22867539944,4263242.178570579,643.2542726400002
453,2512.0633,-663.1267,7528.6138,38.502342755444495,-112.88756555513368,-644.6965862400002,335406.8633361187,4263241.571988099,644.6965862400002
454,2520.7071,-665.1127,7533.3458,38.50233778995044,-112.88753521385104,-646.1388998400002,335409.4979663595,4263240.966655298,646.1388998400002
455,2529.351,-667.0947,7538.0778,38.50233283543565,-112.88750487250962,-647.5812134400003,335412.13262707903,4263240.362541699,647.5812134400003
456,2537.9948,-669.0767,7542.8098,38.50232788090725,-112.8874745315214,-649.0235270400003,335414.7672573197,4263239.7584281,649.0235270400003
457,2546.6387,-671.0547,7547.5418,38.502322937358116,-112.88744419047438,-650.4658406400004,335417.40191803966,4263239.155533698,650.4658406400004
458,2555.2826,-673.0328,7552.2738,38.50231799352648,-112.88741384942404,-651.9081542400004,335420.03657875914,4263238.552608821,651.9081542400004
459,2563.9179,-675.0108,7557.0187,38.502313049477024,-112.88738353843057,-653.35439976,335422.6686181994,4263237.9497144185,653.35439976
460,2572.5456,-676.9889,7561.7748,38.50230810471704,-112.88735325398596,-654.8040590400001,335425.2983411609,4263237.346789539,654.8040590400001
461,2581.1725,-678.9678,7566.5327,38.502303157707736,-112.88732297228285,-656.2542669600002,335427.92782027833,4263236.7436208185,656.2542669600002
462,2589.7802,-680.9659,7571.3291,38.50229815689744,-112.88729275628668,-657.7162096800002,335430.5514472395,4263236.134599938,657.7162096800002
463,2598.3879,-682.9641,7576.1254,38.5022931558047,-112.88726254028724,-659.1781219200002,335433.17507419956,4263235.52554858,659.1781219200002
464,2606.9754,-684.9757,7580.9464,38.50228811677805,-112.88723239390423,-660.6475627200002,335435.79254419927,4263234.9124129,660.6475627200002
465,2615.5469,-686.9979,7585.787,38.502283047741194,-112.88720230266476,-662.1229776000005,335438.4051374007,4263234.296046339,662.1229776000005
466,2624.1158,-689.0222,7590.6315,38.50227797278472,-112.88717222036237,-663.5995812000006,335441.0169381193,4263233.679039697,663.5995812000006
467,2632.6511,-691.0726,7595.5283,38.50227282427325,-112.88714225358204,-665.0921258400003,335443.61849755974,4263233.054077778,665.0921258400003
468,2641.1864,-693.123,7600.4252,38.502267675754005,-112.88711228680569,-666.5847009600002,335446.22005699994,4263232.429115859,666.5847009600002
469,2649.7147,-695.1734,7605.3337,38.50226252683278,-112.88708234448924,-668.0808117600004,335448.81948283897,4263231.80415394,668.0808117600004
470,2658.238,-697.2238,7610.2507,38.502257377622215,-112.8870524196453,-669.57951336,335451.41738467856,4263231.17919202,669.57951336
471,2666.7608,-699.2761,7615.1669,38.502252223159466,-112.88702249641602,-671.0779711200003,335454.0151341191,4263230.553650979,671.0779711200003
472,2675.2801,-701.3466,7620.0758,38.502247018525544,-112.88699258411451,-672.5742038400003,335456.611816759,4263229.92256258,672.5742038400003
473,2683.7993,-703.4171,7624.9847,38.50224181387822,-112.88696267216636,-674.0704365600004,335459.2084689193,4263229.291474178,674.0704365600004
474,2692.3014,-705.5047,7629.9229,38.5022365613139,-112.8869328187393,-675.5755999200001,335461.79990899947,4263228.655173699,675.5755999200001
475,2700.7925,-707.6034,7634.8801,38.50223127764849,-112.88690300295167,-677.0865544800004,335464.38799627894,4263228.0154899405,677.0865544800004
476,2709.2787,-709.7059,7639.8431,38.50222598326694,-112.88687320401498,-678.5992768800002,335466.97459003964,4263227.3746479405,678.5992768800002
477,2717.7296,-711.8367,7644.8485,38.5022206091952,-112.8868435263824,-680.1249228000001,335469.5504243589,4263226.7251801,680.1249228000001
478,2726.1805,-713.9676,7649.8539,38.50221523484128,-112.88681384874678,-681.6505687200001,335472.12625867897,4263226.0756817795,681.6505687200001
479,2734.6492,-716.1137,7654.8236,38.50220981975179,-112.88678410783825,-683.1653332800001,335474.7075184394,4263225.421550499,683.1653332800001
480,2743.1282,-718.2686,7659.7727,38.50220438107499,-112.88675433031823,-684.6738189600005,335477.29191763885,4263224.764736978,684.6738189600005
481,2751.6184,-720.4235,7664.7018,38.50219894302107,-112.88672451367289,-686.1762086400004,335479.87973059894,4263224.107923459,686.1762086400004
482,2760.1738,-722.5785,7669.5143,38.5021935083557,-112.88669446923505,-687.6430586400002,335482.48741651897,4263223.451079459,687.6430586400002
483,2768.7292,-724.7334,7674.3267,38.50218807395704,-112.88666442480859,-689.1098781600003,335485.09510243963,4263222.794265939,689.1098781600003
484,2777.327,-726.8777,7679.0676,38.502182671038895,-112.88663423301274,-690.5549044800005,335487.7157118787,4263222.140683298,690.5549044800005
485,2785.9468,-729.0166,7683.7714,38.50217728417659,-112.88660396474647,-691.98862272,335490.34302691947,4263221.48874658,691.98862272
486,2794.5769,-731.152,7688.4587,38.5021719074951,-112.88657366075002,-693.4173117600003,335492.97348139924,4263220.837876659,693.4173117600003
487,2803.2569,-733.2707,7693.0661,38.502166579463065,-112.88654318361836,-694.8216472800004,335495.61914540024,4263220.1920969,694.8216472800004
488,2811.9369,-735.3895,7697.6735,38.50216125114842,-112.88651270648373,-696.2259828000001,335498.2648093996,4263219.546286659,696.2259828000001
489,2820.65,-737.4972,7702.2203,38.502155955163055,-112.88648211450689,-697.61184744,335500.9205622785,4263218.903859699,697.61184744
490,2829.3783,-739.5999,7706.7392,38.50215067375225,-112.88645146978811,-698.9892081600001,335503.58094811963,4263218.2629567385,698.9892081600001
491,2838.1169,-741.697,7711.24,38.50214540828738,-112.88642078948953,-700.3610520000002,335506.24447339936,4263217.623760659,700.3610520000002
492,2846.8974,-743.7715,7715.6664,38.50214020721909,-112.88638996442792,-701.7102187200003,335508.9207697994,4263216.991453059,701.7102187200003
493,2855.678,-745.8461,7720.0929,38.50213500587367,-112.88635913901389,-703.05941592,335511.59709667944,4263216.359114979,703.05941592
494,2864.5071,-747.8921,7724.4366,38.5021298857686,-112.88632814620813,-704.3833756800004,335514.28820635774,4263215.735494181,704.3833756800004
495,2873.356,-749.9264,7728.7464,38.50212479889095,-112.88629708506919,-705.6970027200005,335516.98535107967,4263215.115439539,705.6970027200005
496,2882.2183,-751.9509,7733.0331,38.50211973966415,-112.88626597782068,-707.0035888800003,335519.6865801193,4263214.498371939,707.0035888800003
497,2891.1275,-753.941,7737.2384,38.50211477751075,-112.88623470918563,-708.2853643200001,335522.40210428037,4263213.891789459,708.2853643200001
498,2900.0367,-755.9311,7741.4437,38.50210981534887,-112.88620344055454,-709.5671397600004,335525.11762843974,4263213.285206979,709.5671397600004
499,2908.9814,-757.9064,7745.5811,38.5021048958086,-112.8861720489611,-710.8282192800002,335527.8439729989,4263212.683135538,710.8282192800002
500,2917.9388,-759.8764,7749.694,38.50209999152528,-112.8861406133812,-712.0818312000006,335530.57418851904,4263212.082679538,712.0818312000006
501,2926.9062,-761.8474,7753.7839,38.502095085050826,-112.88610914279661,-713.3284327200004,335533.3074520392,4263211.481918739,713.3284327200004
502,2935.9039,-763.8214,7757.8043,38.50209017203694,-112.88607756614195,-714.5538506400003,335536.0499509997,4263210.880243541,714.5538506400003
503,2944.9015,-765.7954,7761.8247,38.50208525900878,-112.88604598984062,-715.7792685600002,335538.7924194792,4263210.27856834,715.7792685600002
504,2953.9145,-767.8122,7765.787,38.502080229335384,-112.88601435667492,-716.9869776000005,335541.5395818789,4263209.6638477,716.9869776000005
505,2962.9322,-769.8425,7769.731,38.50207516285489,-112.88598270612603,-718.1891088000002,335544.2881768396,4263209.045012259,718.1891088000002
506,2971.9456,-771.908,7773.6685,38.502069999485464,-112.8859510680832,-719.3892588000003,335547.0354611598,4263208.415447859,719.3892588000003
507,2980.9473,-774.0669,7777.5883,38.50206457902813,-112.88591946423186,-720.5840138400004,335549.77917931974,4263207.757415139,720.5840138400004
508,2989.949,-776.2259,7781.5082,38.5020591582876,-112.88588786037776,-721.7787993600004,335552.5228974789,4263207.09935194,721.7787993600004
509,2998.9222,-778.4733,7785.4344,38.50205349324078,-112.8858563497678,-722.9755051200004,335555.2579288394,4263206.41434442,722.9755051200004
510,3007.8877,-780.7448,7789.3624,38.50204776158777,-112.88582486433808,-724.17275952,335557.99061323947,4263205.721991219,724.17275952
511,3016.8508,-783.0356,7793.2879,38.502041976804776,-112.88579338591578,-725.3692519200004,335560.72256611934,4263205.023755379,725.3692519200004
512,3025.8082,-785.3714,7797.2078,38.502036068149216,-112.8857619241898,-726.5640374400004,335563.45278163895,4263204.311803539,726.5640374400004
513,3034.7657,-787.7073,7801.1277,38.502030159216154,-112.8857304621121,-727.7588229600001,335566.18302763975,4263203.599821219,727.7588229600001
514,3043.7068,-790.0366,7805.0867,38.502024267471334,-112.88569905780847,-728.9655261600001,335568.9082749196,4263202.889850579,728.9655261600001
515,3052.6442,-792.3644,7809.0549,38.50201837962784,-112.88566766654374,-730.1750335200004,335571.6323944393,4263202.180337139,730.1750335200004
516,3061.5516,-794.6792,7813.0933,38.502012525778,-112.88563638102559,-731.4059378400002,335574.34736995935,4263201.474786098,731.4059378400002
517,3070.3964,-796.9668,7817.2786,38.50200674307232,-112.88560531616528,-732.68161728,335577.0432650001,4263200.77752562,732.68161728
518,3079.2413,-799.2544,7821.4638,38.50200096036388,-112.88557425096027,-733.9572662400005,335579.73919051874,4263200.080265139,733.9572662400005
519,3088.029,-801.5218,7825.7836,38.501995229885814,-112.88554338704573,-735.2739412800001,335582.41768147936,4263199.389161618,735.2739412800001
520,3096.8056,-803.7853,7830.1296,38.50198950948204,-112.88551256219505,-736.5986020800001,335585.092789159,4263198.699246819,736.5986020800001
521,3105.5821,-806.046,7834.4771,38.50198379675152,-112.88548173789879,-737.9237200800003,335587.767866359,4263198.01018546,737.9237200800003
522,3114.3586,-808.3014,7838.8272,38.501978098563384,-112.88545091398653,-739.2496305600002,335590.4429435596,4263197.32273954,739.2496305600002
523,3123.1352,-810.5569,7843.1772,38.50197240009809,-112.8854200897223,-740.5755105600001,335593.11805123906,4263196.635263138,740.5755105600001
524,3131.9221,-812.8019,7847.5134,38.50196673103082,-112.88538923022931,-741.8971843200002,335595.79629835964,4263195.95098714,741.8971843200002
525,3140.7107,-815.0453,7851.8474,38.50196106644356,-112.88535836491612,-743.2181875199999,335598.47506363946,4263195.26719882,743.2181875199999
526,3149.5219,-817.2661,7856.1438,38.501955465165686,-112.88532742226792,-744.52773024,335601.16071740066,4263194.59029898,744.52773024
527,3158.3708,-819.4492,7860.3772,38.501949969502235,-112.88529635061096,-745.8180705600003,335603.85786211817,4263193.9248901,745.8180705600003
528,3167.2197,-821.6323,7864.6107,38.50194447383041,-112.88526527895837,-747.1084413600001,335606.555006839,4263193.2594812205,747.1084413600001
529,3176.1435,-823.7333,7868.7265,38.501939207761666,-112.88523395151,-748.3629372,335609.27498107956,4263192.619096419,748.3629372
530,3185.0768,-825.8239,7872.8273,38.50193397077106,-112.88520259162028,-749.6128610400001,335611.9978509189,4263191.981881538,749.6128610400001
531,3194.0295,-827.892,7876.8991,38.50192879663492,-112.88517116556784,-750.8539456799999,335614.7266338784,4263191.3515246585,750.8539456799999
532,3203.011,-829.9263,7880.9276,38.50192371690507,-112.88513964132078,-752.0818324800002,335617.46419507964,4263190.73147002,752.0818324800002
533,3211.9926,-831.9606,7884.956,38.50191863717223,-112.88510811672845,-753.3096888000005,335620.2017867592,4263190.111415381,753.3096888000005
534,3220.9815,-833.9693,7888.9808,38.501913628123795,-112.8850765684688,-754.5364478400002,335622.9416034792,4263189.499163619,754.5364478400002
535,3229.9711,-835.9754,7893.0052,38.5019086262442,-112.88504501795371,-755.76308496,335625.6816335591,4263188.88770434,755.76308496
536,3238.9607,-837.9714,7897.0331,38.50190365208457,-112.88501346816564,-756.9907888800003,335628.42166363966,4263188.27932354,756.9907888800003
537,3247.9504,-839.9534,7901.0655,38.501898716357644,-112.88498191903433,-758.2198644,335631.1617241994,4263187.6752099395,758.2198644
538,3256.94,-841.9355,7905.098,38.501893780341916,-112.8849503702492,-759.4489704000002,335633.90175427904,4263187.071065859,759.4489704000002
539,3265.9409,-843.9289,7909.1078,38.5018888139301,-112.88491878118047,-760.6711574400001,335636.6452286,4263186.46347754,760.6711574400001
540,3274.9426,-845.923,7913.1161,38.50188384563285,-112.8848871892707,-761.8928872800002,335639.3889467593,4263185.855675859,761.8928872800002
541,3283.9533,-847.928,7917.0955,38.50187884790822,-112.8848555651415,-763.1058084000001,335642.1354081193,4263185.24455186,763.1058084000001
542,3292.9751,-849.9462,7921.0395,38.50187381455989,-112.8848239012916,-764.3079396000003,335644.8852527584,4263184.629404499,764.3079396000003
543,3301.9969,-851.9644,7924.9835,38.50186878120289,-112.88479223744574,-765.5100708000004,335647.63509739965,4263184.0142571395,765.5100708000004
544,3311.0341,-853.9749,7928.8965,38.501863769842956,-112.88476052035222,-766.7027532000002,335650.389635959,4263183.401456742,766.7027532000002
545,3320.072,-855.9851,7932.8084,38.5018587593373,-112.88472880083862,-767.89510032,335653.14438787964,4263182.788747779,767.89510032
546,3329.1118,-857.9915,7936.7145,38.50185375936235,-112.88469707496304,-769.0856796000003,335655.8997189187,4263182.177197061,769.0856796000003
547,3338.1537,-859.9937,7940.6143,38.501848771027475,-112.88466534205533,-770.2743386400002,335658.655690039,4263181.5669265,770.2743386400002
548,3347.1955,-861.9958,7944.5141,38.50184378295281,-112.88463360950819,-771.4629976800002,335661.4116306796,4263180.95668642,771.4629976800002
549,3356.2374,-864.0218,7948.4059,38.50183872925982,-112.8846018749053,-772.6492183200003,335664.1676017992,4263180.339161619,772.6492183200003
550,3365.2793,-866.0481,7952.2976,38.5018336747345,-112.88457014028504,-773.8354084800003,335666.92357291933,4263179.72154538,773.8354084800003
551,3374.3131,-868.0764,7956.2116,38.501828614254116,-112.88453843382463,-775.0283956799999,335669.67707515956,4263179.10331954,775.0283956799999
552,3383.3389,-870.1067,7960.1475,38.501823547824344,-112.88450675517474,-776.2280580000001,335672.4281389996,4263178.484484099,776.2280580000001
553,3392.3642,-872.1369,7964.0845,38.50181848163229,-112.88447507828295,-777.4280556000003,335675.17905043927,4263177.865679139,777.4280556000003
554,3401.3579,-874.1551,7968.0929,38.501813446599485,-112.8844435126546,-778.64981592,335677.92033019924,4263177.25053178,778.64981592
555,3410.3515,-876.1733,7972.1012,38.50180841155241,-112.88441194737968,-779.8715457600001,335680.6615794796,4263176.635384419,779.8715457600001
556,3419.3388,-878.1767,7976.1265,38.50180341677448,-112.88438040517812,-781.0984572000002,335683.400908519,4263176.024748098,781.0984572000002
557,3428.3204,-880.1668,7980.167,38.50179845818134,-112.8843488838463,-782.3300016000003,335686.13850019913,4263175.4181656195,782.3300016000003
558,3437.3027,-882.1541,7984.2077,38.501793507306104,-112.88431736027326,-783.5616069600001,335688.8763052389,4263174.812436579,783.5616069600001
559,3446.3044,-884.0718,7988.2522,38.50178874859344,-112.88428577390674,-784.7943705600001,335691.62002340076,4263174.227921618,784.7943705600001
560,3455.3061,-885.9895,7992.2967,38.501783989872145,-112.88425418754407,-786.0271341600001,335694.3637415585,4263173.643406658,786.0271341600001
561,3464.3233,-887.8806,7996.3168,38.50177930504156,-112.8842225489363,-787.2524606400002,335697.11218411895,4263173.066999379,787.2524606400002
